{"cameraMode":{"drawMode":0,"name":"Shaded","section":"Shading Mode"},"sceneLighting":true,"audioPlay":false,"sceneViewState":{"showFog":true,"showMaterialUpdate":false,"showSkybox":true,"showFlares":true,"showImageEffects":true,"showParticleSystems":true},"in2DMode":false,"pivot":{"x":-91.57630920410156,"y":12.512619018554688,"z":30.134740829467775},"rotation":{"x":0.056856922805309299,"y":0.9417677521705627,"z":-0.2066453993320465,"w":0.25912147760391238},"size":595.2008666992188,"orthographic":true}