{"cameraMode":{"drawMode":0,"name":"Shaded","section":"Shading Mode"},"sceneLighting":true,"audioPlay":false,"sceneViewState":{"showFog":true,"showMaterialUpdate":false,"showSkybox":true,"showFlares":true,"showImageEffects":true,"showParticleSystems":true},"in2DMode":false,"pivot":{"x":-107.59913635253906,"y":5.009387016296387,"z":17.682260513305665},"rotation":{"x":-0.10450221598148346,"y":-0.5634406805038452,"z":0.07212099432945252,"w":-0.8164002895355225},"size":0.3922610878944397,"orthographic":false}