{"cameraMode":{"drawMode":0,"name":"Shaded","section":"Shading Mode"},"sceneLighting":true,"audioPlay":false,"sceneViewState":{"showFog":true,"showMaterialUpdate":false,"showSkybox":true,"showFlares":true,"showImageEffects":true,"showParticleSystems":true},"in2DMode":false,"pivot":{"x":15.947797775268555,"y":-4.359275817871094,"z":7.328927516937256},"rotation":{"x":-0.13040649890899659,"y":-0.513809084892273,"z":0.07948752492666245,"w":-0.8442896604537964},"size":24.99999237060547,"orthographic":false}