{"cameraMode":{"drawMode":0,"name":"Shaded","section":"Shading Mode"},"sceneLighting":true,"audioPlay":false,"sceneViewState":{"showFog":true,"showMaterialUpdate":false,"showSkybox":true,"showFlares":true,"showImageEffects":true,"showParticleSystems":true},"in2DMode":false,"pivot":{"x":17.361995697021486,"y":3.286158561706543,"z":-4.8332109451293949},"rotation":{"x":0.035922251641750339,"y":0.06231742724776268,"z":-0.002244537929072976,"w":0.9974090456962586},"size":4.6625776290893559,"orthographic":false}