{"cameraMode":{"drawMode":0,"name":"Shaded","section":"Shading Mode"},"sceneLighting":true,"audioPlay":false,"sceneViewState":{"showFog":true,"showMaterialUpdate":false,"showSkybox":true,"showFlares":true,"showImageEffects":true,"showParticleSystems":true},"in2DMode":false,"pivot":{"x":-4.148259162902832,"y":-1.4673970937728882,"z":12.923890113830567},"rotation":{"x":0.0877164676785469,"y":-0.15023766458034516,"z":0.013190528377890587,"w":0.9847536087036133},"size":16.15195083618164,"orthographic":false}