{"cameraMode":{"drawMode":0,"name":"Shaded","section":"Shading Mode"},"sceneLighting":true,"audioPlay":false,"sceneViewState":{"showFog":true,"showMaterialUpdate":false,"showSkybox":true,"showFlares":true,"showImageEffects":true,"showParticleSystems":true},"in2DMode":false,"pivot":{"x":14.987472534179688,"y":16.342622756958009,"z":15.677370071411133},"rotation":{"x":-0.05424867570400238,"y":0.9160534143447876,"z":-0.13265308737754823,"w":-0.37461811304092409},"size":7.518946170806885,"orthographic":false}