{"cameraMode":{"drawMode":0,"name":"Shaded","section":"Shading Mode"},"sceneLighting":false,"audioPlay":false,"sceneViewState":{"showFog":true,"showMaterialUpdate":false,"showSkybox":false,"showFlares":true,"showImageEffects":true,"showParticleSystems":true},"in2DMode":false,"pivot":{"x":0.14043498039245606,"y":1.0462727546691895,"z":-0.18138337135314942},"rotation":{"x":-0.1123778373003006,"y":0.7620161175727844,"z":-0.13746950030326844,"w":-0.6227729916572571},"size":68.9101791381836,"orthographic":true}