{"cameraMode":{"drawMode":0,"name":"Shaded","section":"Shading Mode"},"sceneLighting":false,"audioPlay":false,"sceneViewState":{"showFog":true,"showMaterialUpdate":false,"showSkybox":false,"showFlares":true,"showImageEffects":true,"showParticleSystems":true},"in2DMode":false,"pivot":{"x":-0.4756011664867401,"y":0.0924028605222702,"z":0.005178608000278473},"rotation":{"x":-0.09074853360652924,"y":-0.17406561970710755,"z":0.016214925795793535,"w":-0.9804800748825073},"size":0.3482119143009186,"orthographic":false}