{"cameraMode":{"drawMode":0,"name":"Shaded","section":"Shading Mode"},"sceneLighting":true,"audioPlay":false,"sceneViewState":{"showFog":true,"showMaterialUpdate":false,"showSkybox":true,"showFlares":true,"showImageEffects":true,"showParticleSystems":true},"in2DMode":false,"pivot":{"x":-28.8555965423584,"y":-28.818994522094728,"z":-57.854286193847659},"rotation":{"x":0.17175522446632386,"y":-0.7742069959640503,"z":0.23696544766426087,"w":0.5612785220146179},"size":241.27882385253907,"orthographic":true}