{"cameraMode":{"drawMode":0,"name":"Shaded","section":"Shading Mode"},"sceneLighting":false,"audioPlay":false,"sceneViewState":{"showFog":true,"showMaterialUpdate":false,"showSkybox":false,"showFlares":true,"showImageEffects":true,"showParticleSystems":true},"in2DMode":false,"pivot":{"x":1450.786865234375,"y":166.88780212402345,"z":732.5523681640625},"rotation":{"x":-0.1123778373003006,"y":0.7620161175727844,"z":-0.13746950030326844,"w":-0.6227729916572571},"size":31.13875961303711,"orthographic":true}