{"cameraMode":{"drawMode":0,"name":"Shaded","section":"Shading Mode"},"sceneLighting":false,"audioPlay":false,"sceneViewState":{"showFog":true,"showMaterialUpdate":false,"showSkybox":false,"showFlares":true,"showImageEffects":true,"showParticleSystems":true},"in2DMode":false,"pivot":{"x":-0.004407703876495361,"y":0.042815446853637698,"z":-0.041631460189819339},"rotation":{"x":0.019122695550322534,"y":0.9773898124694824,"z":-0.1847432553768158,"w":0.10133647173643112},"size":2.091919183731079,"orthographic":false}